algorithm,algorithm_short,run_id,scope,concurrency,throughput_mean_hs_s,throughput_stdev_hs_s,p50_ms,p95_ms,p99_ms,p999_ms,max_latency_max_ms,failures_total,git_commit,kernel_release,os_release,python_version,source_file
ML-KEM-768,mlkem,2vm-algorithm-baseline-20260526_054841,c1/c8/c32/c64/c128,8,13166.705555555556,14.513713183412008,0.506012999721861,1.1745622502985498,1.5753183497054122,2.1035834931356945,4.049182999551704,0,add3845,7.0.9-105.fc43.x86_64,Ubuntu 24.04.4 LTS,3.11.14,raw/server-full-mlkem/2vm-algorithm-baseline-20260526_054841_full_mlkem/mlkem_c8.json
Hybrid ML-KEM + FrodoKEM,frodo,2vm-hybrid-mlkem-frodo-20260530_024555,c1/c8/c32/c64,8,1847.8333333333335,5.96769078734254,4.2693560001225705,4.5125565499915865,4.678175923356018,5.201288737699777,14.03614800028663,0,add3845,7.0.9-105.fc43.x86_64,Ubuntu 24.04.4 LTS,3.11.14,raw/server-full-frodo/2vm-hybrid-mlkem-frodo-20260530_024555_full_frodo/hybrid_frodo_c8.json
Hybrid ML-KEM + HQC-256,hqc,2vm-hybrid-mlkem-hqc-20260530_033828,c1/c8/c32/c64,8,257.6166666666667,0.3617089069035285,30.964523999955418,31.131780949590393,31.353368679989824,33.20160283741241,50.958391000676784,0,add3845,7.0.9-105.fc43.x86_64,Ubuntu 24.04.4 LTS,3.11.14,raw/server-full-hqc/2vm-hybrid-mlkem-hqc-20260530_033828_full_hqc/hybrid_hqc_c8.json
Classic McEliece 460896,mceliece,2vm-classic-mceliece-20260530_042759,c1/c8 cautious baseline,8,114.56111111111112,0.38381612109813046,66.54817349999576,107.86047950000463,134.2600073002846,174.4541589955423,238.87814600038837,0,add3845,7.0.9-105.fc43.x86_64,Ubuntu 24.04.4 LTS,3.11.14,raw/server-full-mceliece/2vm-classic-mceliece-20260530_042759_full_mceliece/classic_mceliece_c8.json
