{
  "concurrency": 128,
  "cpu": {
    "avg_percent": 20.99298245614035,
    "cpu_count_logical": 8,
    "loadavg_15m": 1.2177734375,
    "loadavg_1m": 2.22509765625,
    "loadavg_5m": 1.841796875,
    "peak_percent": 21.5,
    "process_avg_percent": 154.14561403508773,
    "process_peak_percent": 159.6,
    "sample_interval_s": 1.0,
    "system_avg_percent": 20.99298245614035,
    "system_peak_percent": 21.5
  },
  "duration_s": 60,
  "environment": {
    "cpu_count": 8,
    "git_commit": "6e9718f",
    "image": "pqc-lab:pqc",
    "in_container": true,
    "kernel_release": "6.19.14-200.fc43.x86_64",
    "machine": "x86_64",
    "os_release": "Ubuntu 24.04.4 LTS",
    "platform": "Linux-6.19.14-200.fc43.x86_64-x86_64-with-glibc2.39",
    "processor": "x86_64",
    "python_version": "3.11.14",
    "timestamp_utc": "2026-05-10T22:45:42.204227Z",
    "type": "bare_metal_container"
  },
  "errors": [],
  "latency_ms": {
    "count": 708325,
    "max": 101.81489599972338,
    "p50": 8.589671999743587,
    "p95": 25.711587399928234,
    "p99": 35.46057520001342,
    "p99_9": 48.74201272375831
  },
  "latency_truncated": false,
  "mode": "single",
  "notes": [
    "Warmup completed before each repeat; warmup metrics discarded and counters reset."
  ],
  "percentiles": [
    50,
    95,
    99,
    99.9
  ],
  "profile_name": "NIST FIPS 203 Reference Run",
  "profile_path": "profiles/real_mlkem.yaml",
  "provider": "liboqs",
  "repeats": [
    {
      "cpu": {
        "avg_percent": 20.99298245614035,
        "cpu_count_logical": 8,
        "loadavg_15m": 1.2177734375,
        "loadavg_1m": 2.22509765625,
        "loadavg_5m": 1.841796875,
        "peak_percent": 21.5,
        "process_avg_percent": 154.14561403508773,
        "process_peak_percent": 159.6,
        "sample_interval_s": 1.0,
        "system_avg_percent": 20.99298245614035,
        "system_peak_percent": 21.5
      },
      "failure_count": 0,
      "latency_ms": {
        "count": 708325,
        "max": 101.81489599972338,
        "p50": 8.589671999743587,
        "p95": 25.711587399928234,
        "p99": 35.46057520001342,
        "p99_9": 48.74201272375831
      },
      "results": {
        "failure_count": 0,
        "success_count": 708325,
        "throughput_hs_per_sec": 11805.416666666666
      },
      "success_count": 708325
    },
    {
      "cpu": {
        "avg_percent": 21.07894736842105,
        "cpu_count_logical": 8,
        "loadavg_15m": 1.28759765625,
        "loadavg_1m": 2.29296875,
        "loadavg_5m": 1.9130859375,
        "peak_percent": 21.5,
        "process_avg_percent": 154.4,
        "process_peak_percent": 158.7,
        "sample_interval_s": 1.0,
        "system_avg_percent": 21.07894736842105,
        "system_peak_percent": 21.5
      },
      "failure_count": 0,
      "latency_ms": {
        "count": 711533,
        "max": 77.3886499996479,
        "p50": 8.51940199981982,
        "p95": 25.712587600082784,
        "p99": 35.43018427997602,
        "p99_9": 48.67010574818064
      },
      "results": {
        "failure_count": 0,
        "success_count": 711533,
        "throughput_hs_per_sec": 11858.883333333333
      },
      "success_count": 711533
    }
  ],
  "results": {
    "failure_count": 0,
    "success_count": 708325,
    "throughput_hs_per_sec": 11805.416666666666
  },
  "summary": {
    "max_latency_max": 101.81489599972338,
    "p99_9_mean": 48.70605923596948,
    "p99_mean": 35.44537973999472,
    "throughput_mean": 11832.15,
    "throughput_stdev": 37.80664256744108
  },
  "timestamp_utc": "2026-05-10T22:45:42.203016Z",
  "warmup_s": 10,
  "workload": {
    "handshake_model": "burst",
    "iterations_per_handshake": 1
  }
}
